,dtype,non_null_count,null_count
FileName,object,10023,0
PdfSize,float32,9721,302
MetadataSize,float32,9721,302
Pages,float32,9721,302
XrefLength,float32,9721,302
TitleCharacters,float32,9721,302
isEncrypted,float64,10023,0
EmbeddedFiles,float32,9721,302
Images,float64,9172,851
Text,object,9708,315
Header,object,9997,26
Obj,float64,9229,794
Endobj,float64,9487,536
Stream,float32,9482,541
Endstream,float64,9482,541
Xref,float64,9482,541
Trailer,float32,9482,541
StartXref,float64,9482,541
PageNo,float64,9482,541
Encrypt,float32,9482,541
ObjStm,float32,9482,541
JS,float64,9482,541
Javascript,float64,9469,554
AA,float64,9469,554
OpenAction,float64,9469,554
Acroform,float64,9469,554
JBIG2Decode,float64,9469,554
RichMedia,float64,9469,554
Launch,float64,9469,554
EmbeddedFile,float64,9469,554
XFA,float64,9469,554
Colors,float32,9459,564
Class,object,10023,0
